<manifest alg="2" build="2015.2.1.352" opt="true" iceEnabled="true" iceMarkupVersion="2" iceEnabledOptions="link,responsive" exportTarget="other" domain="INDEX.COM" resolutions="1x" timestamp="1477811780489">
  <folder name="css">
    <file name="site_global.css" crc="4105211570"/>
    <file name="index.css" crc="166904503" ref="index"/>
    <file name="nomq_index.css" crc="4037035726" ref="index"/>
    <file name="iefonts_index.css" crc="4141789162" ref="index"/>
  </folder>
  <folder name="scripts">
    <file name="jquery-1.8.3.min.js" crc="169078940" ref="index"/>
    <file name="museutils.js" crc="3851988764" ref="index"/>
    <file name="whatinput.js" crc="86476730" ref="index"/>
    <file name="museconfig.js" crc="169177150" ref="index"/>
    <file name="jquery.watch.js" crc="3842844514" ref="index"/>
    <file name="webpro.js" crc="4067903014" ref="index"/>
    <file name="musewpslideshow.js" crc="4265225696" ref="index"/>
    <file name="jquery.museoverlay.js" crc="4075157096" ref="index"/>
    <file name="touchswipe.js" crc="474750357" ref="index"/>
    <file name="pie.js" crc="3831537696" ref="index"/>
    <file name="form_check.php" crc="121412709" ref="index"/>
    <file name="form_throttle.php" crc="4268640971" ref="index"/>
    <file name="form_process.php" crc="444429785" ref="index"/>
    <file name="form-u3040.php" crc="70411883" ref="index"/>
    <file name="jquery.musepolyfill.bgsize.js" crc="271560940" ref="index"/>
    <file name="form-u3082.php" crc="362207054" ref="index"/>
    <file name="form-u4998.php" crc="73409943" ref="index"/>
    <file name="jquery.musemenu.js" crc="4150485998" ref="index"/>
    <file name="jquery.scrolleffects.js" crc="511146689" ref="index"/>
    <file name="html5shiv.js" crc="4241844378" ref="index"/>
    <file name="jquery.museresponsive.js" crc="516761069" ref="index"/>
    <file name="require.js" crc="4108833657" ref="index"/>
  </folder>
  <folder name="images">
    <file name="blank.gif" crc="433058638" seo="true" ref="index"/>
    <file name="blank2.gif" crc="4208392903" ref="index"/>
    <file name="laptopbig.gif" crc="96371651" seo="true" ref="index"/>
    <file name="loading.gif" crc="3815509949" ref="index"/>
    <file name="pencil.gif" crc="4282790803" seo="true" ref="index"/>
    <file name="notepad.gif" crc="357785871" seo="true" ref="index"/>
    <file name="pencil2.gif" crc="188498319" seo="true" ref="index"/>
    <file name="crumpled-paperv3.gif" crc="3868857349" seo="true" ref="index"/>
    <file name="scale.gif" crc="4180421164" seo="true" ref="index"/>
    <file name="samsung_galaxy_s4_flat_mockup.gif" crc="3884799215" seo="true" ref="index"/>
    <file name="book2.gif" crc="4118649502" seo="true" ref="index"/>
    <file name="fb-logo-ieu3036-fr.png" crc="427642742" ref="index"/>
    <file name="fb-logo.gif" crc="3974781308" ref="index"/>
    <file name="facebook_2015_logo.gif" crc="169521010" seo="true" ref="index"/>
    <file name="sign-up-u3051-13.png" crc="206726438" ref="index"/>
    <file name="sign-up-u3051-13-r.png" crc="206726438" ref="index"/>
    <file name="sign-up-u3051-13-m.png" crc="206726438" ref="index"/>
    <file name="sign-up-u3051-13-fs.png" crc="206726438" ref="index"/>
    <file name="name.gif" crc="505489217" seo="true" ref="index"/>
    <file name="email.gif" crc="4288564188" ref="index"/>
    <file name="key.gif" crc="244714567" ref="index"/>
    <file name="check.gif" crc="46507115" seo="true" ref="index"/>
    <file name="sign-up.gif" crc="364197075" seo="true" ref="index"/>
    <file name="login-u3094-13.png" crc="3760819984" ref="index"/>
    <file name="login-u3094-13-r.png" crc="3760819984" ref="index"/>
    <file name="login-u3094-13-m.png" crc="3760819984" ref="index"/>
    <file name="login-u3094-13-fs.png" crc="3760819984" ref="index"/>
    <file name="login.gif" crc="4151666148" seo="true" ref="index"/>
    <file name="close-normal.gif" crc="4287583526" ref="index"/>
    <file name="logo.gif" crc="326519447" seo="true" ref="index"/>
    <file name="guide.gif" crc="4213004770" ref="index"/>
    <file name="boywalk.gif" crc="266366658" seo="true" ref="index"/>
    <file name="mailn.gif" crc="323055416" ref="index"/>
    <file name="submit-u5008-13.png" crc="117627195" ref="index"/>
    <file name="submit-u5008-13-r.png" crc="117627195" ref="index"/>
    <file name="submit-u5008-13-m.png" crc="117627195" ref="index"/>
    <file name="submit-u5008-13-fs.png" crc="117627195" ref="index"/>
    <file name="submit.gif" crc="4075924931" seo="true" ref="index"/>
    <file name="fb-normal.gif" crc="534063841" ref="index"/>
    <file name="fb-hover.gif" crc="4206797127" ref="index"/>
    <file name="google-normal.gif" crc="3859164500" ref="index"/>
    <file name="google-hover.gif" crc="386612918" ref="index"/>
    <file name="pinster-normal.gif" crc="4081047310" ref="index"/>
    <file name="pinster-hover.gif" crc="71723634" ref="index"/>
    <file name="office.gif" crc="4112961977" ref="index"/>
    <file name="email2.gif" crc="212455570" ref="index"/>
    <file name="contact.gif" crc="28816077" ref="index"/>
    <file name="internet.gif" crc="287637085" ref="index"/>
    <file name="copyright.gif" crc="380941980" seo="true" ref="index"/>
    <file name="arrow.gif" crc="3885757625" seo="true" ref="index"/>
    <file name="connect-with-us.gif" crc="3880869633" seo="true" ref="index"/>
    <file name="laptop.gif" crc="3988123264" seo="true" ref="index"/>
    <file name="twitter-normal.gif" crc="4129137958" ref="index"/>
    <file name="twitter-hover.gif" crc="3925021679" ref="index"/>
    <file name="sign-up-u3051-132.png" crc="206726438" ref="index"/>
    <file name="sign-up-u3051-13-r2.png" crc="206726438" ref="index"/>
    <file name="sign-up-u3051-13-m2.png" crc="206726438" ref="index"/>
    <file name="sign-up-u3051-13-fs2.png" crc="206726438" ref="index"/>
    <file name="login-u3094-132.png" crc="3760819984" ref="index"/>
    <file name="login-u3094-13-r2.png" crc="3760819984" ref="index"/>
    <file name="login-u3094-13-m2.png" crc="3760819984" ref="index"/>
    <file name="login-u3094-13-fs2.png" crc="3760819984" ref="index"/>
    <file name="submit-u5008-132.png" crc="516428317" ref="index"/>
    <file name="submit-u5008-13-r2.png" crc="516428317" ref="index"/>
    <file name="submit-u5008-13-m2.png" crc="516428317" ref="index"/>
    <file name="submit-u5008-13-fs2.png" crc="516428317" ref="index"/>
    <file name="sign-up-u3051-133.png" crc="206726438" ref="index"/>
    <file name="sign-up-u3051-13-r3.png" crc="206726438" ref="index"/>
    <file name="sign-up-u3051-13-m3.png" crc="206726438" ref="index"/>
    <file name="sign-up-u3051-13-fs3.png" crc="206726438" ref="index"/>
    <file name="login-u3094-133.png" crc="3760819984" ref="index"/>
    <file name="login-u3094-13-r3.png" crc="3760819984" ref="index"/>
    <file name="login-u3094-13-m3.png" crc="3760819984" ref="index"/>
    <file name="login-u3094-13-fs3.png" crc="3760819984" ref="index"/>
  </folder>
  <file name="index.html" crc="522334832" seo="true" mt="1477811721794" redirect="true"/>
</manifest>